timestamp,agent_or_skill,total_tokens,tool_uses,duration_ms,task_description
2026-02-14T20:53:00,email-manager,10553,4,12564,Send task assignment
2026-02-14T21:00:00,email-manager,9572,2,7150,Check manager inbox
2026-02-14T21:06:00,email-manager,9581,3,8806,Send battery SOC completion
2026-02-14T21:08:00,email-manager,9724,3,9658,Send DNA completion
2026-02-14T21:35:00,email-manager,16856,6,18822,Send revised DNA completion
2026-02-14T21:05:00,inav-architecture,41411,17,49081,Find GPS and estimator code
2026-02-14T21:48:50,general-purpose,13389,0,852,Test token logging hook
2026-02-14T21:51:30,email-manager,18844,6,11963,Check manager inbox
2026-02-14T21:52:58,email-manager,9142,2,13054,Archive inbox messages
2026-02-14T22:11:00,email-manager,8286,0,2557,Check manager inbox
2026-02-14T22:24:16,email-manager,8802,0,1878,Send task assignment email
2026-02-14T22:35:29,email-manager,940,12,91602,Check developer inbox
2026-02-14T22:42:20,inav-architecture,26325,30,307091,Find GPS driver code
2026-02-14T22:47:06,inav-architecture,1099,22,598847,Find GPS driver code
2026-02-14T22:51:10,email-manager,425,24,253061,Send completion report
2026-02-14T22:52:35,email-manager,317,9,80779,Archive task message
2026-02-14T22:56:05,email-manager,837,18,99575,Check inbox tasks
2026-02-14T22:56:41,email-manager,2339,20,117444,Check developer inbox
2026-02-14T22:59:56,email-manager,744,13,60256,Archive completed tasks
2026-02-14T23:01:40,email-manager,1685,3,59760,Check manager inbox
2026-02-14T23:03:16,email-manager,5077,12,86433,Check developer inbox
2026-02-14T23:05:36,email-manager,10589,6,41541,List investigate tasks in inbox
2026-02-14T23:07:00,email-manager,204,6,56402,Assign missing investigate tasks
2026-02-14T23:08:05,email-manager,269,5,59752,Assign dronecan roadmap task
2026-02-14T23:08:44,email-manager,295,7,94402,Assign messages roadmap task
2026-02-14T23:10:30,email-manager,255,5,90638,Assign CAN buffer task
2026-02-14T23:11:07,email-manager,9191,11,134287,Assign CAN circular buffer task
2026-02-14T23:15:34,email-manager,1115,11,232853,Remove completed tasks
2026-02-14T23:17:40,email-manager,17295,12,58066,Check developer inbox
2026-02-15T00:16:31,email-manager,253,11,156624,Send completion report to manager
2026-02-15T00:23:03,email-manager,225,14,177461,Send completion report to manager
2026-02-15T00:23:53,email-manager,436,18,235381,Send completion report for messages
2026-02-15T00:31:34,email-manager,354,12,215515,Send completion report to manager
2026-02-15T00:32:40,email-manager,443,18,258718,Send completion report to manager
2026-02-15T06:21:39,email-manager,14192,7,12549,Check manager inbox for new messages
2026-02-15T06:24:22,email-manager,10093,8,14867,Archive all completion reports from inbox
2026-02-15T07:01:42,email-manager,12279,4,22131,Send agent efficiency optimization project proposal to manager
2026-02-15T07:08:01,email-manager,8614,1,3139,Archive proposal email from manager inbox
2026-02-15T07:13:15,email-manager,10895,3,12028,Send code review task assignment to developer
2026-02-15T18:57:21,email-manager,19296,10,12950,Check developer inbox
2026-02-15T19:02:26,inav-architecture,61346,21,68664,Find DroneCAN GPS/battery frame IDs
2026-02-15T19:16:10,inav-builder,34735,5,51001,Build SITL with debug symbols
2026-02-15T19:17:16,sitl-operator,21417,6,59654,Start SITL for profiling
2026-02-15T19:19:56,inav-builder,9577,2,42222,Rebuild SITL with timing
2026-02-15T19:20:52,inav-builder,12178,3,29072,Rebuild SITL for can0
2026-02-15T20:14:22,email-manager,11062,5,14708,Send completion report to manager
2026-02-15T20:15:33,email-manager,10216,2,10902,Check manager inbox for completion reports
2026-02-15T20:15:43,email-manager,8688,1,5214,Archive completion report
2026-02-15T20:39:36,general-purpose,11927,1,17668,Check current model version
2026-02-15T20:43:05,email-manager,7883,2,22944,Check developer inbox
2026-02-15T20:43:23,email-manager,9580,2,13610,Read DroneCAN HITL task
2026-02-15T20:49:09,general-purpose,30237,9,313051,Set up HITL workspace
2026-02-15T20:51:46,general-purpose,33319,15,75334,Switch to manager role
2026-02-15T20:52:14,email-manager,9028,4,19817,Check manager inbox
2026-02-15T20:53:15,general-purpose,31284,13,52732,Check developer workspace
2026-02-15T20:56:29,general-purpose,31363,31,176424,Update HITL project completion
2026-02-15T20:57:02,email-manager,9716,7,28736,Archive completion report
2026-02-15T20:57:13,email-manager,7126,2,7237,Check for pending reports
2026-02-15T20:57:45,email-manager,11483,5,24812,Check developer status
2026-02-15T20:58:47,general-purpose,25971,14,56622,Verify HITL project status
2026-02-15T20:59:33,general-purpose,21859,9,40734,Update manager status
2026-02-15T21:01:21,general-purpose,33193,15,101964,Check developer readiness
2026-02-15T21:02:48,email-manager,14307,10,80758,Send assignment to developer
2026-02-15T21:03:34,email-manager,10243,7,39553,Send reminder to developer
2026-02-15T21:03:46,general-purpose,11760,1,5535,Update project statistics
2026-02-15T21:04:30,general-purpose,15643,9,36349,Update project statistics
2026-02-15T21:04:41,general-purpose,11814,2,7276,Check final status
2026-02-15T21:08:46,general-purpose,20267,8,46271,Verify final project status
2026-02-15T21:09:36,email-manager,12472,11,45536,Send final status update
2026-02-15T21:10:35,general-purpose,24841,15,53904,Final status verification
2026-02-15T21:13:18,general-purpose,33020,19,90707,Check assignment history
2026-02-15T21:14:45,general-purpose,21115,17,78504,Update project index to remove duplicate assignment
2026-02-15T21:14:55,email-manager,7096,1,5260,Send clarification to developer
2026-02-15T21:15:36,email-manager,12324,9,35471,Send clarification message
2026-02-15T21:15:57,email-manager,7519,2,12963,Send final status update
2026-02-15T21:17:15,general-purpose,23284,16,72471,Final verification of project status
2026-02-15T21:17:44,email-manager,9584,5,23672,Archive error notification
2026-02-15T21:17:54,general-purpose,11702,1,4934,Final project status check
2026-02-15T21:18:48,general-purpose,18686,11,47975,Final project status verification
2026-02-15T21:19:18,email-manager,8648,8,23682,Archive status update email
2026-02-15T21:19:35,general-purpose,11757,1,6379,Final system cleanup
2026-02-15T21:23:17,general-purpose,35780,36,214286,Final system cleanup
2026-02-15T21:24:23,general-purpose,19113,10,57832,Final status confirmation
2026-02-15T21:26:46,general-purpose,37334,32,137769,Final cleanup and commit
2026-02-15T21:27:08,general-purpose,11617,4,14685,Final system verification
2026-02-15T21:27:17,general-purpose,12460,0,1803,Final system verification
2026-02-15T21:28:25,general-purpose,17818,12,63119,Final system verification
2026-02-15T21:28:41,general-purpose,13232,2,9830,Final cleanup and commit
2026-02-15T21:29:21,general-purpose,11794,2,8274,Final system verification
2026-02-15T21:30:47,general-purpose,19178,17,80323,Final system verification
2026-02-15T21:34:10,general-purpose,12983,6,75430,Check INAV issues
2026-02-15T21:36:41,general-purpose,23289,15,144134,Check INAV pull requests
2026-02-15T21:40:05,general-purpose,27357,19,197407,Check INAV milestone status
2026-02-15T21:41:07,general-purpose,14142,9,55371,Check recent INAV commits
2026-02-15T21:41:26,general-purpose,11796,1,10497,Search for specific INAV issues
2026-02-15T21:41:45,general-purpose,11547,1,7928,Search for specific INAV issues
2026-02-15T21:43:51,general-purpose,31307,14,119677,Search for specific INAV issues
2026-02-15T21:46:24,general-purpose,18110,20,143551,Check INAV milestone progress
2026-02-15T21:48:06,general-purpose,13524,12,91573,Search for specific INAV issues
2026-02-15T21:49:59,general-purpose,14007,11,106701,Search for specific INAV issues
2026-02-15T21:51:37,general-purpose,13218,9,90745,Check INAV milestone progress
2026-02-15T21:52:38,general-purpose,13952,10,54453,Check INAV milestone progress
2026-02-15T21:53:46,general-purpose,20852,9,61187,Check INAV recent activity
2026-02-15T21:54:52,general-purpose,17815,9,58268,Check INAV recent activity
2026-02-15T21:55:50,general-purpose,19010,8,49556,Check INAV recent activity
2026-02-15T21:56:12,general-purpose,11810,1,9494,Search for specific INAV issues
2026-02-15T21:56:29,general-purpose,11441,0,6333,Search for specific INAV issues
2026-02-16T07:37:02,email-manager,10347,4,9668,Check manager inbox
2026-02-16T07:40:06,email-manager,9615,3,15099,Send task assignment for investigation project
2026-02-16T07:51:54,email-manager,22945,9,54572,Send HITL testing task assignment
2026-02-16T07:56:13,email-manager,24499,9,61659,Send HAL assessment task assignment
2026-02-16T08:15:14,inav-architecture,46602,14,39693,Find DroneCAN NodeStatus implementation in INAV
2026-02-16T08:17:35,inav-architecture,64276,33,121039,Research MSP protocol messages for system status in INAV
2026-02-16T08:20:03,inav-architecture,69495,52,119426,Research Mavlink messages for system status in INAV
2026-02-16T08:23:39,email-manager,14666,5,69691,Send investigation completion report to manager
2026-02-16T09:18:14,inav-architecture,54553,62,109907,Map DroneCAN/libcanard code structure in add-libcanard branch
2026-02-16T09:28:01,general-purpose,22417,10,27555,Send code review completion report to manager
2026-02-16T15:18:51,email-manager,18853,6,28566,Check manager inbox
2026-02-16T15:20:31,email-manager,21965,7,63643,Check developer inbox
2026-02-16T15:24:40,email-manager,20879,6,23729,Check developer inbox
2026-02-16T15:24:56,email-manager,15075,2,12113,Check lock files
2026-02-16T15:27:02,email-manager,16947,4,27995,Check manager inbox for code review completion
2026-02-16T15:27:24,email-manager,15035,2,15982,Check lock status
2026-02-16T15:33:37,email-manager,27175,6,15258,Check inbox for task assignments
2026-02-16T15:39:49,inav-builder,29184,10,172579,Build MATEKH743 firmware for HITL testing
2026-02-16T15:46:49,test-engineer,56240,39,404880,Design and execute HITL tests for DroneCAN with libcanard
2026-02-16T15:48:40,email-manager,23431,4,17738,Send status update on HITL testing progress
2026-02-16T15:50:47,email-manager,19929,3,11381,Send updated status with unit test results
2026-02-16T17:24:18,test-engineer,75900,33,5431963,Execute HITL tests on MATEKH743 using physical can0
2026-02-16T17:25:01,email-manager,24018,6,23928,Send task completion report
2026-02-16T17:25:10,email-manager,18749,1,4057,Archive completed task assignment
2026-02-16T17:40:31,permissions-manager,62311,31,181933,Configure permissions to block upstream GitHub issues
2026-02-16T17:51:25,inav-architecture,69237,58,414417,Analyze DroneCAN driver code structure
2026-02-16T19:10:56,general-purpose,28970,1,12430,Send task completion email to manager
2026-02-16T19:18:59,inav-architecture,71415,25,71967,Analyze CAN hardware driver architecture and initialization
2026-02-16T19:23:29,inav-builder,26801,10,162963,Build INAV firmware for MATEKH743 to check for errors
2026-02-16T19:27:06,inav-builder,26191,6,149721,Build INAV firmware to verify Phase 5 logging changes
2026-02-17T15:33:32,email-manager,23107,4,12415,Check manager inbox for new messages
2026-02-17T15:39:15,email-manager,18537,0,2867,Archive HITL completion messages
2026-02-17T15:39:31,email-manager,19607,4,12204,Archive HITL completion messages
2026-02-17T15:46:10,email-manager,20323,3,15954,Send task assignment to developer
2026-02-17T15:57:40,email-manager,32009,7,16560,Check developer inbox for assignments
2026-02-17T16:01:05,email-manager,18709,1,5055,Archive completed HITL tests task
2026-02-17T16:02:36,email-manager,18824,2,6599,Archive completed DroneCAN driver docs task
2026-02-17T16:05:00,email-manager,25994,9,20977,Check for any other stale/completed tasks in inbox
2026-02-17T16:13:14,email-manager,20055,3,14523,Send reminder to manager about completed project
2026-02-17T16:15:15,inav-architecture,31936,3,13296,Find canard STM32F7 driver init function
2026-02-17T16:21:52,inav-builder,25470,7,156338,Build MATEKH743 firmware to verify canard fix
2026-02-17T16:25:18,email-manager,20444,3,27182,Send task completion report
2026-02-17T16:31:39,inav-builder,29381,19,189547,Build MATEKF765SE firmware to verify canard fix
2026-02-17T16:33:53,fc-flasher,33015,17,86044,Flash MATEKF765SE firmware and verify no lockup
2026-02-17T16:36:52,email-manager,22045,3,102518,Send final completion report with hardware validation
2026-02-17T17:06:55,email-manager,24195,7,23981,Check manager email inbox for messages
